"","min_5year_o2","mean_1year_chl","mean_1year_so_mean","mean_1year_ph","min_1year_analysed_sst","min_1year_degree_heating_week","max_5year_degree_heating_week"
"min_5year_o2",1,-0.0666530999504391,0.434328792716311,0.443763741419092,-0.544341838366565,-0.00968705763926581,0.0757936129436798
"mean_1year_chl",-0.0666530999504391,1,-0.33025449662444,-0.0463607782719338,-0.303359101847794,-0.00838808972726977,0.0126879617713679
"mean_1year_so_mean",0.434328792716311,-0.33025449662444,1,0.336554335920155,-0.432789712602111,-0.0276110624768669,0.117583523701786
"mean_1year_ph",0.443763741419092,-0.0463607782719338,0.336554335920155,1,-0.536186256858788,-0.0342394220203864,0.103000948399373
"min_1year_analysed_sst",-0.544341838366565,-0.303359101847794,-0.432789712602111,-0.536186256858788,1,0.0587971605477842,-0.186588580389204
"min_1year_degree_heating_week",-0.00968705763926581,-0.00838808972726977,-0.0276110624768669,-0.0342394220203864,0.0587971605477842,1,-0.00982113118806401
"max_5year_degree_heating_week",0.0757936129436798,0.0126879617713679,0.117583523701786,0.103000948399373,-0.186588580389204,-0.00982113118806401,1
